Data,RunDate,Completed Y/N,Time Taken,Steps
data_5,2025-12-05 16:38:09.149835,0,0:00:01.816159,5001
d,a,t,a,_,5
data_5,2025-12-05 16:39:09.514730,0,0:00:01.804741,5001
data_5,2025-12-10 19:54:34.416286,0,0:00:01.841646,5001
data_5,2025-12-10 19:55:08.541954,0,0:00:01.796189,5001
data_6,2025-12-10 19:59:15.477101,0,0:00:01.800685,5001
data_6,2025-12-10 20:00:26.086852,0,0:00:01.520519,5001
data_6,2025-12-10 20:04:56.711153,0,0:00:01.458262,5001
data_6,2025-12-10 20:08:20.195488,0,0:00:01.468047,5001
data_6,2025-12-10 20:10:24.296838,0,0:00:01.485346,5001
data_6,2025-12-10 20:10:54.861634,0,0:00:01.551045,5001
data_6,2025-12-10 20:11:44.707181,0,0:00:01.543808,5001
data_6,2025-12-10 20:12:19.958233,0,0:00:01.503196,5001
data_6,2025-12-10 20:12:39.318626,0,0:00:01.451074,5001
data_6,2025-12-10 20:12:47.265971,0,0:00:01.497610,5001
data_6,2025-12-10 20:15:12.225530,0,0:00:01.501926,5001
data_6,2025-12-10 20:16:37.020953,0,0:00:01.528632,5001
data_6,2025-12-10 20:21:59.911407,0,0:00:01.509050,5001
data_6,2025-12-10 20:25:00.405456,0,0:00:01.349816,5001
data_6,2025-12-10 20:25:25.320967,0,0:00:01.317744,5001
data_6,2025-12-10 20:32:03.751643,0,0:00:01.364863,5001
data_6,2025-12-10 20:33:43.599336,0,0:00:01.335813,5001
data_6,2025-12-10 20:34:48.498562,0,0:00:01.347902,5001
data_6,2025-12-10 20:37:22.222823,0,0:00:01.418135,5001
data_6,2025-12-10 20:38:30.519652,0,0:00:01.434741,5001
data_6,2025-12-10 20:40:36.006218,0,0:00:01.392962,5001
data_6,2025-12-10 20:41:01.338181,0,0:00:01.375845,5001
data_6,2025-12-10 20:42:54.319668,0,0:00:01.409932,5001
data_6,2025-12-10 20:49:15.137089,0,0:00:01.413878,5001
data_6,2025-12-10 20:50:04.626151,0,0:00:01.357600,5001
data_6,2025-12-10 20:50:52.604264,0,0:00:01.327700,5001
data_6,2025-12-10 20:54:55.500745,0,0:00:01.342259,5001
data_6,2025-12-11 11:37:16.190255,0,0:00:01.345782,5001
data_6,2025-12-11 12:13:53.072516,0,0:00:06.082884,5009
data_6,2025-12-11 12:14:08.743163,0,0:00:05.984696,5009
data_6,2025-12-11 12:17:03.113658,0,0:00:06.002822,5009
data_6,2025-12-11 13:22:26.622753,0,0:00:00.107859,11
data_6,2025-12-11 13:22:26.622753,0,0:00:00.212276,22
data_6,2025-12-11 13:22:26.622753,0,0:00:00.311059,33
data_6,2025-12-11 13:22:26.622753,0,0:00:00.409024,44
data_6,2025-12-11 13:22:26.622753,0,0:00:00.507945,55
data_6,2025-12-11 13:22:26.622753,0,0:00:00.606209,66
data_6,2025-12-11 13:22:26.622753,0,0:00:00.704894,77
data_6,2025-12-11 13:22:26.622753,0,0:00:00.803321,88
data_6,2025-12-11 13:22:26.622753,0,0:00:00.902777,99
data_6,2025-12-11 13:22:26.622753,0,0:00:01.001112,110
data_6,2025-12-11 13:22:26.622753,0,0:00:01.100114,121
data_6,2025-12-11 13:22:26.622753,0,0:00:01.198096,132
data_6,2025-12-11 13:22:26.622753,0,0:00:01.297116,143
data_6,2025-12-11 13:22:26.622753,0,0:00:01.396610,154
data_6,2025-12-11 13:22:26.622753,0,0:00:01.495930,165
data_6,2025-12-11 13:22:26.622753,0,0:00:01.594390,176
data_6,2025-12-11 13:22:26.622753,0,0:00:01.692998,187
data_6,2025-12-11 13:22:26.622753,0,0:00:01.792012,198
data_6,2025-12-11 13:22:26.622753,0,0:00:01.890278,209
data_6,2025-12-11 13:22:26.622753,0,0:00:01.990535,220
data_6,2025-12-11 13:22:26.622753,0,0:00:02.109227,231
data_6,2025-12-11 13:22:26.622753,0,0:00:02.208143,242
data_6,2025-12-11 13:22:26.622753,0,0:00:02.306958,253
data_6,2025-12-11 13:22:26.622753,0,0:00:02.405351,264
data_6,2025-12-11 13:22:26.622753,0,0:00:02.504355,275
data_6,2025-12-11 13:22:26.622753,0,0:00:02.603324,286
data_6,2025-12-11 13:22:26.622753,0,0:00:02.705412,297
data_6,2025-12-11 13:22:26.622753,0,0:00:02.806419,308
data_6,2025-12-11 13:22:26.622753,0,0:00:02.907314,319
data_6,2025-12-11 13:22:26.622753,0,0:00:03.009091,330
data_6,2025-12-11 13:22:26.622753,0,0:00:03.109186,341
data_6,2025-12-11 13:22:26.622753,0,0:00:03.208309,352
data_6,2025-12-11 13:22:26.622753,0,0:00:03.307687,363
data_6,2025-12-11 13:22:26.622753,0,0:00:03.406742,374
data_6,2025-12-11 13:22:26.622753,0,0:00:03.506373,385
data_6,2025-12-11 13:22:26.622753,0,0:00:03.604771,396
data_6,2025-12-11 13:22:26.622753,0,0:00:03.703778,407
data_6,2025-12-11 13:22:26.622753,0,0:00:03.801767,418
data_6,2025-12-11 13:22:26.622753,0,0:00:03.900518,429
data_6,2025-12-11 13:22:26.622753,0,0:00:03.999592,440
data_6,2025-12-11 13:22:26.622753,0,0:00:04.099414,451
data_6,2025-12-11 13:22:26.622753,0,0:00:04.198168,462
data_6,2025-12-11 13:22:26.622753,0,0:00:04.297099,473
data_6,2025-12-11 13:22:26.622753,0,0:00:04.396841,484
data_6,2025-12-11 13:22:26.622753,0,0:00:04.496175,495
data_6,2025-12-11 13:22:26.622753,0,0:00:04.595711,506
data_6,2025-12-11 13:22:26.622753,0,0:00:04.695488,517
data_6,2025-12-11 13:22:26.622753,0,0:00:04.795687,528
data_6,2025-12-11 13:22:26.622753,0,0:00:04.894037,539
data_6,2025-12-11 13:22:26.622753,0,0:00:04.994159,550
data_6,2025-12-11 13:22:26.622753,0,0:00:05.092097,561
data_6,2025-12-11 13:22:26.622753,0,0:00:05.190889,572
data_6,2025-12-11 13:22:26.622753,0,0:00:05.289276,583
data_6,2025-12-11 13:22:26.622753,0,0:00:05.388652,594
data_6,2025-12-11 13:22:26.622753,0,0:00:05.488325,605
data_6,2025-12-11 13:22:26.622753,0,0:00:05.601054,616
data_6,2025-12-11 13:22:26.622753,0,0:00:05.701293,627
data_6,2025-12-11 13:22:26.622753,0,0:00:05.799863,638
data_6,2025-12-11 13:22:26.622753,0,0:00:05.899978,649
data_6,2025-12-11 13:22:26.622753,0,0:00:05.997975,660
data_6,2025-12-11 13:22:26.622753,0,0:00:06.097522,671
data_6,2025-12-11 13:22:26.622753,0,0:00:06.196010,682
data_6,2025-12-11 13:22:26.622753,0,0:00:06.294744,693
data_6,2025-12-11 13:22:26.622753,0,0:00:06.393716,704
data_6,2025-12-11 13:22:26.622753,0,0:00:06.493269,715
data_6,2025-12-11 13:22:26.622753,0,0:00:06.591488,726
data_6,2025-12-11 13:22:26.622753,0,0:00:06.690828,737
data_6,2025-12-11 13:22:26.622753,0,0:00:06.789593,748
data_6,2025-12-11 13:22:26.622753,0,0:00:06.888290,759
data_6,2025-12-11 13:22:26.622753,0,0:00:06.987721,770
data_6,2025-12-11 13:22:26.622753,0,0:00:07.087433,781
data_6,2025-12-11 13:22:26.622753,0,0:00:07.189123,792
data_6,2025-12-11 13:22:26.622753,0,0:00:07.289858,803
data_6,2025-12-11 13:22:26.622753,0,0:00:07.390538,814
data_6,2025-12-11 13:22:26.622753,0,0:00:07.490769,825
data_6,2025-12-11 13:22:26.622753,0,0:00:07.590604,836
data_6,2025-12-11 13:22:26.622753,0,0:00:07.690419,847
data_6,2025-12-11 13:22:26.622753,0,0:00:07.790342,858
data_6,2025-12-11 13:22:26.622753,0,0:00:07.890276,869
data_6,2025-12-11 13:22:26.622753,0,0:00:07.989252,880
data_6,2025-12-11 13:22:26.622753,0,0:00:08.088567,891
data_6,2025-12-11 13:22:26.622753,0,0:00:08.187725,902
data_6,2025-12-11 13:22:26.622753,0,0:00:08.286734,913
data_6,2025-12-11 13:22:26.622753,0,0:00:08.387107,924
data_6,2025-12-11 13:22:26.622753,0,0:00:08.486869,935
data_6,2025-12-11 13:22:26.622753,0,0:00:08.585778,946
data_6,2025-12-11 13:22:26.622753,0,0:00:08.686434,957
data_6,2025-12-11 13:22:26.622753,0,0:00:08.787023,968
data_6,2025-12-11 13:22:26.622753,0,0:00:08.886548,979
data_6,2025-12-11 13:22:26.622753,0,0:00:08.985755,990
data_6,2025-12-11 13:22:26.622753,0,0:00:09.101610,1001
data_6,2025-12-11 13:22:26.622753,0,0:00:09.200725,1012
data_6,2025-12-11 13:22:26.622753,0,0:00:09.299171,1023
data_6,2025-12-11 13:22:26.622753,0,0:00:09.398651,1034
data_6,2025-12-11 13:22:26.622753,0,0:00:09.497548,1045
data_6,2025-12-11 13:22:26.622753,0,0:00:09.595790,1056
data_6,2025-12-11 13:22:26.622753,0,0:00:09.694454,1067
data_6,2025-12-11 13:22:26.622753,0,0:00:09.792695,1078
data_6,2025-12-11 13:22:26.622753,0,0:00:09.892109,1089
data_6,2025-12-11 13:22:26.622753,0,0:00:09.991135,1100
data_6,2025-12-11 13:22:26.622753,0,0:00:10.089818,1111
data_6,2025-12-11 13:22:26.622753,0,0:00:10.188752,1122
data_6,2025-12-11 13:22:26.622753,0,0:00:10.288988,1133
data_6,2025-12-11 13:22:26.622753,0,0:00:10.388147,1144
data_6,2025-12-11 13:22:26.622753,0,0:00:10.487445,1155
data_6,2025-12-11 13:22:26.622753,0,0:00:10.587239,1166
data_6,2025-12-11 13:22:26.622753,0,0:00:10.686545,1177
data_6,2025-12-11 13:22:26.622753,0,0:00:10.785808,1188
data_6,2025-12-11 13:22:26.622753,0,0:00:10.886692,1199
data_6,2025-12-11 13:22:26.622753,0,0:00:10.987068,1210
data_6,2025-12-11 13:22:26.622753,0,0:00:11.086450,1221
data_6,2025-12-11 13:22:26.622753,0,0:00:11.188071,1232
data_6,2025-12-11 13:22:26.622753,0,0:00:11.287457,1243
data_6,2025-12-11 13:22:26.622753,0,0:00:11.387730,1254
data_6,2025-12-11 13:22:26.622753,0,0:00:11.487987,1265
data_6,2025-12-11 13:22:26.622753,0,0:00:11.588080,1276
data_6,2025-12-11 13:22:26.622753,0,0:00:11.687447,1287
data_6,2025-12-11 13:22:26.622753,0,0:00:11.792013,1298
data_6,2025-12-11 13:22:26.622753,0,0:00:11.890481,1309
data_6,2025-12-11 13:22:26.622753,0,0:00:11.989998,1320
data_6,2025-12-11 13:22:26.622753,0,0:00:12.089188,1331
data_6,2025-12-11 13:22:26.622753,0,0:00:12.189456,1342
data_6,2025-12-11 13:22:26.622753,0,0:00:12.342086,1353
data_6,2025-12-11 13:22:26.622753,0,0:00:12.440553,1364
data_6,2025-12-11 13:22:26.622753,0,0:00:12.540624,1375
data_6,2025-12-11 13:22:26.622753,0,0:00:12.638925,1386
data_6,2025-12-11 13:22:26.622753,0,0:00:12.737334,1397
data_6,2025-12-11 13:22:26.622753,0,0:00:12.836645,1408
data_6,2025-12-11 13:22:26.622753,0,0:00:12.936040,1419
data_6,2025-12-11 13:22:26.622753,0,0:00:13.035310,1430
data_6,2025-12-11 13:22:26.622753,0,0:00:13.134639,1441
data_6,2025-12-11 13:22:26.622753,0,0:00:13.233735,1452
data_6,2025-12-11 13:22:26.622753,0,0:00:13.332563,1463
data_6,2025-12-11 13:22:26.622753,0,0:00:13.431045,1474
data_6,2025-12-11 13:22:26.622753,0,0:00:13.530091,1485
data_6,2025-12-11 13:22:26.622753,0,0:00:13.629210,1496
data_6,2025-12-11 13:22:26.622753,0,0:00:13.729183,1507
data_6,2025-12-11 13:22:26.622753,0,0:00:13.829986,1518
data_6,2025-12-11 13:22:26.622753,0,0:00:13.930503,1529
data_6,2025-12-11 13:22:26.622753,0,0:00:14.029295,1540
data_6,2025-12-11 13:22:26.622753,0,0:00:14.127963,1551
data_6,2025-12-11 13:22:26.622753,0,0:00:14.227155,1562
data_6,2025-12-11 13:22:26.622753,0,0:00:14.326495,1573
data_6,2025-12-11 13:22:26.622753,0,0:00:14.425581,1584
data_6,2025-12-11 13:22:26.622753,0,0:00:14.525338,1595
data_6,2025-12-11 13:22:26.622753,0,0:00:14.624566,1606
data_6,2025-12-11 13:22:26.622753,0,0:00:14.724872,1617
data_6,2025-12-11 13:22:26.622753,0,0:00:14.825357,1628
data_6,2025-12-11 13:22:26.622753,0,0:00:14.925792,1639
data_6,2025-12-11 13:22:26.622753,0,0:00:15.026286,1650
data_6,2025-12-11 13:22:26.622753,0,0:00:15.125910,1661
data_6,2025-12-11 13:22:26.622753,0,0:00:15.226831,1672
data_6,2025-12-11 13:22:26.622753,0,0:00:15.326751,1683
data_6,2025-12-11 13:22:26.622753,0,0:00:15.440239,1694
data_6,2025-12-11 13:22:26.622753,0,0:00:15.540395,1705
data_6,2025-12-11 13:22:26.622753,0,0:00:15.639488,1716
data_6,2025-12-11 13:22:26.622753,0,0:00:15.738488,1727
data_6,2025-12-11 13:22:26.622753,0,0:00:15.836511,1738
data_6,2025-12-11 13:22:26.622753,0,0:00:15.937203,1749
data_6,2025-12-11 13:22:26.622753,0,0:00:16.036786,1760
data_6,2025-12-11 13:22:26.622753,0,0:00:16.136475,1771
data_6,2025-12-11 13:22:26.622753,0,0:00:16.236058,1782
data_6,2025-12-11 13:22:26.622753,0,0:00:16.336989,1793
data_6,2025-12-11 13:22:26.622753,0,0:00:16.436782,1804
data_6,2025-12-11 13:22:26.622753,0,0:00:16.536217,1815
data_6,2025-12-11 13:22:26.622753,0,0:00:16.635871,1826
data_6,2025-12-11 13:22:26.622753,0,0:00:16.735152,1837
data_6,2025-12-11 13:22:26.622753,0,0:00:16.834974,1848
data_6,2025-12-11 13:22:26.622753,0,0:00:16.934383,1859
data_6,2025-12-11 13:22:26.622753,0,0:00:17.037340,1870
data_6,2025-12-11 13:22:26.622753,0,0:00:17.140291,1881
data_6,2025-12-11 13:22:26.622753,0,0:00:17.241243,1892
data_6,2025-12-11 13:22:26.622753,0,0:00:17.343604,1903
data_6,2025-12-11 13:22:26.622753,0,0:00:17.446512,1914
data_6,2025-12-11 13:22:26.622753,0,0:00:17.549414,1925
data_6,2025-12-11 13:22:26.622753,0,0:00:17.650676,1936
data_6,2025-12-11 13:22:26.622753,0,0:00:17.750489,1947
data_6,2025-12-11 13:22:26.622753,0,0:00:17.849367,1958
data_6,2025-12-11 13:22:26.622753,0,0:00:17.948983,1969
data_6,2025-12-11 13:22:26.622753,0,0:00:18.048572,1980
data_6,2025-12-11 13:22:26.622753,0,0:00:18.171357,1991
data_6,2025-12-11 13:22:26.622753,0,0:00:18.273927,2002
data_6,2025-12-11 13:22:26.622753,0,0:00:18.376076,2013
data_6,2025-12-11 13:22:26.622753,0,0:00:18.478274,2024
data_6,2025-12-11 13:22:26.622753,0,0:00:18.579566,2035
data_6,2025-12-11 13:22:26.622753,0,0:00:18.681212,2046
data_6,2025-12-11 13:22:26.622753,0,0:00:18.798641,2057
data_6,2025-12-11 13:22:26.622753,0,0:00:18.901853,2068
data_6,2025-12-11 13:22:26.622753,0,0:00:19.004804,2079
data_6,2025-12-11 13:22:26.622753,0,0:00:19.107687,2090
data_6,2025-12-11 13:22:26.622753,0,0:00:19.208547,2101
data_6,2025-12-11 13:22:26.622753,0,0:00:19.308773,2112
data_6,2025-12-11 13:22:26.622753,0,0:00:19.408835,2123
data_6,2025-12-11 13:22:26.622753,0,0:00:19.511252,2134
data_6,2025-12-11 13:22:26.622753,0,0:00:19.613948,2145
data_6,2025-12-11 13:22:26.622753,0,0:00:19.716672,2156
data_6,2025-12-11 13:22:26.622753,0,0:00:19.819219,2167
data_6,2025-12-11 13:22:26.622753,0,0:00:19.920474,2178
data_6,2025-12-11 13:22:26.622753,0,0:00:20.023747,2189
data_6,2025-12-11 13:22:26.622753,0,0:00:20.125858,2200
data_6,2025-12-11 13:22:26.622753,0,0:00:20.228600,2211
data_6,2025-12-11 13:22:26.622753,0,0:00:20.330039,2222
data_6,2025-12-11 13:22:26.622753,0,0:00:20.432555,2233
data_6,2025-12-11 13:22:26.622753,0,0:00:20.534651,2244
data_6,2025-12-11 13:22:26.622753,0,0:00:20.656781,2255
data_6,2025-12-11 13:22:26.622753,0,0:00:20.758257,2266
data_6,2025-12-11 13:22:26.622753,0,0:00:20.860694,2277
data_6,2025-12-11 13:22:26.622753,0,0:00:20.961207,2288
data_6,2025-12-11 13:22:26.622753,0,0:00:21.061373,2299
data_6,2025-12-11 13:22:26.622753,0,0:00:21.160037,2310
data_6,2025-12-11 13:22:26.622753,0,0:00:21.259376,2321
data_6,2025-12-11 13:22:26.622753,0,0:00:21.357693,2332
data_6,2025-12-11 13:22:26.622753,0,0:00:21.456273,2343
data_6,2025-12-11 13:22:26.622753,0,0:00:21.555420,2354
data_6,2025-12-11 13:22:26.622753,0,0:00:21.654100,2365
data_6,2025-12-11 13:22:26.622753,0,0:00:21.752979,2376
data_6,2025-12-11 13:22:26.622753,0,0:00:21.851752,2387
data_6,2025-12-11 13:22:26.622753,0,0:00:21.951148,2398
data_6,2025-12-11 13:22:26.622753,0,0:00:22.050701,2409
data_6,2025-12-11 13:22:26.622753,0,0:00:22.148802,2420
data_6,2025-12-11 13:22:26.622753,0,0:00:22.248121,2431
data_6,2025-12-11 13:22:26.622753,0,0:00:22.347126,2442
data_6,2025-12-11 13:22:26.622753,0,0:00:22.446559,2453
data_6,2025-12-11 13:22:26.622753,0,0:00:22.545837,2464
data_6,2025-12-11 13:22:26.622753,0,0:00:22.644360,2475
data_6,2025-12-11 13:22:26.622753,0,0:00:22.742497,2486
data_6,2025-12-11 13:22:26.622753,0,0:00:22.857346,2497
data_6,2025-12-11 13:22:26.622753,0,0:00:22.956555,2508
data_6,2025-12-11 13:22:26.622753,0,0:00:23.071148,2519
data_6,2025-12-11 13:22:26.622753,0,0:00:23.170623,2530
data_6,2025-12-11 13:22:26.622753,0,0:00:23.269487,2541
data_6,2025-12-11 13:22:26.622753,0,0:00:23.367675,2552
data_6,2025-12-11 13:22:26.622753,0,0:00:23.465850,2563
data_6,2025-12-11 13:22:26.622753,0,0:00:23.564487,2574
data_6,2025-12-11 13:22:26.622753,0,0:00:23.662979,2585
data_6,2025-12-11 13:22:26.622753,0,0:00:23.761569,2596
data_6,2025-12-11 13:22:26.622753,0,0:00:23.862736,2607
data_6,2025-12-11 13:22:26.622753,0,0:00:23.964264,2618
data_6,2025-12-11 13:22:26.622753,0,0:00:24.066464,2629
data_6,2025-12-11 13:22:26.622753,0,0:00:24.170020,2640
data_6,2025-12-11 13:22:26.622753,0,0:00:24.271868,2651
data_6,2025-12-11 13:22:26.622753,0,0:00:24.374515,2662
data_6,2025-12-11 13:22:26.622753,0,0:00:24.477165,2673
data_6,2025-12-11 13:22:26.622753,0,0:00:24.578428,2684
data_6,2025-12-11 13:22:26.622753,0,0:00:24.679603,2695
data_6,2025-12-11 13:22:26.622753,0,0:00:24.780700,2706
data_6,2025-12-11 13:22:26.622753,0,0:00:24.881820,2717
data_6,2025-12-11 13:22:26.622753,0,0:00:24.982719,2728
data_6,2025-12-11 13:22:26.622753,0,0:00:25.082792,2739
data_6,2025-12-11 13:22:26.622753,0,0:00:25.183238,2750
data_6,2025-12-11 13:22:26.622753,0,0:00:25.282622,2761
data_6,2025-12-11 13:22:26.622753,0,0:00:25.382557,2772
data_6,2025-12-11 13:22:26.622753,0,0:00:25.482180,2783
data_6,2025-12-11 13:22:26.622753,0,0:00:25.597764,2794
data_6,2025-12-11 13:22:26.622753,0,0:00:25.697958,2805
data_6,2025-12-11 13:22:26.622753,0,0:00:25.797950,2816
data_6,2025-12-11 13:22:26.622753,0,0:00:25.898056,2827
data_6,2025-12-11 13:22:26.622753,0,0:00:25.997984,2838
data_6,2025-12-11 13:22:26.622753,0,0:00:26.098619,2849
data_6,2025-12-11 13:22:26.622753,0,0:00:26.200164,2860
data_6,2025-12-11 13:22:26.622753,0,0:00:26.301738,2871
data_6,2025-12-11 13:22:26.622753,0,0:00:26.403071,2882
data_6,2025-12-11 13:22:26.622753,0,0:00:26.505194,2893
data_6,2025-12-11 13:22:26.622753,0,0:00:26.607287,2904
data_6,2025-12-11 13:22:26.622753,0,0:00:26.708561,2915
data_6,2025-12-11 13:22:26.622753,0,0:00:26.809614,2926
data_6,2025-12-11 13:22:26.622753,0,0:00:26.908990,2937
data_6,2025-12-11 13:22:26.622753,0,0:00:27.008708,2948
data_6,2025-12-11 13:22:26.622753,0,0:00:27.107599,2959
data_6,2025-12-11 13:22:26.622753,0,0:00:27.206441,2970
data_6,2025-12-11 13:22:26.622753,0,0:00:27.305109,2981
data_6,2025-12-11 13:22:26.622753,0,0:00:27.404212,2992
data_6,2025-12-11 13:22:26.622753,0,0:00:27.503823,3003
data_6,2025-12-11 13:22:26.622753,0,0:00:27.622347,3014
data_6,2025-12-11 13:22:26.622753,0,0:00:27.721355,3025
data_6,2025-12-11 13:22:26.622753,0,0:00:27.821143,3036
data_6,2025-12-11 13:22:26.622753,0,0:00:27.920624,3047
data_6,2025-12-11 13:22:26.622753,0,0:00:28.020044,3058
data_6,2025-12-11 13:22:26.622753,0,0:00:28.118749,3069
data_6,2025-12-11 13:22:26.622753,0,0:00:28.218673,3080
data_6,2025-12-11 13:22:26.622753,0,0:00:28.317737,3091
data_6,2025-12-11 13:22:26.622753,0,0:00:28.416733,3102
data_6,2025-12-11 13:22:26.622753,0,0:00:28.516282,3113
data_6,2025-12-11 13:22:26.622753,0,0:00:28.615228,3124
data_6,2025-12-11 13:22:26.622753,0,0:00:28.715435,3135
data_6,2025-12-11 13:22:26.622753,0,0:00:28.814706,3146
data_6,2025-12-11 13:22:26.622753,0,0:00:28.915235,3157
data_6,2025-12-11 13:22:26.622753,0,0:00:29.014910,3168
data_6,2025-12-11 13:22:26.622753,0,0:00:29.114310,3179
data_6,2025-12-11 13:22:26.622753,0,0:00:29.213288,3190
data_6,2025-12-11 13:22:26.622753,0,0:00:29.312706,3201
data_6,2025-12-11 13:22:26.622753,0,0:00:29.411601,3212
data_6,2025-12-11 13:22:26.622753,0,0:00:29.511627,3223
data_6,2025-12-11 13:22:26.622753,0,0:00:29.612060,3234
data_6,2025-12-11 13:22:26.622753,0,0:00:29.712732,3245
data_6,2025-12-11 13:22:26.622753,0,0:00:29.827214,3256
data_6,2025-12-11 13:22:26.622753,0,0:00:29.943815,3267
data_6,2025-12-11 13:22:26.622753,0,0:00:30.044033,3278
data_6,2025-12-11 13:22:26.622753,0,0:00:30.144890,3289
data_6,2025-12-11 13:22:26.622753,0,0:00:30.246579,3300
data_6,2025-12-11 13:22:26.622753,0,0:00:30.347573,3311
data_6,2025-12-11 13:22:26.622753,0,0:00:30.450896,3322
data_6,2025-12-11 13:22:26.622753,0,0:00:30.552969,3333
data_6,2025-12-11 13:22:26.622753,0,0:00:30.655225,3344
data_6,2025-12-11 13:22:26.622753,0,0:00:30.756494,3355
data_6,2025-12-11 13:22:26.622753,0,0:00:30.863210,3366
data_6,2025-12-11 13:22:26.622753,0,0:00:30.963678,3377
data_6,2025-12-11 13:22:26.622753,0,0:00:31.063558,3388
data_6,2025-12-11 13:22:26.622753,0,0:00:31.162811,3399
data_6,2025-12-11 13:22:26.622753,0,0:00:31.262891,3410
data_6,2025-12-11 13:22:26.622753,0,0:00:31.362115,3421
data_6,2025-12-11 13:22:26.622753,0,0:00:31.461603,3432
data_6,2025-12-11 13:22:26.622753,0,0:00:31.563285,3443
data_6,2025-12-11 13:22:26.622753,0,0:00:31.663483,3454
data_6,2025-12-11 13:22:26.622753,0,0:00:31.764918,3465
data_6,2025-12-11 13:22:26.622753,0,0:00:31.896491,3476
data_6,2025-12-11 13:22:26.622753,0,0:00:32.007348,3487
data_6,2025-12-11 13:22:26.622753,0,0:00:32.109189,3498
data_6,2025-12-11 13:22:26.622753,0,0:00:32.209995,3509
data_6,2025-12-11 13:22:26.622753,0,0:00:32.310751,3520
data_6,2025-12-11 13:22:26.622753,0,0:00:32.410645,3531
data_6,2025-12-11 13:22:26.622753,0,0:00:32.510403,3542
data_6,2025-12-11 13:22:26.622753,0,0:00:32.611131,3553
data_6,2025-12-11 13:22:26.622753,0,0:00:32.711692,3564
data_6,2025-12-11 13:22:26.622753,0,0:00:32.811875,3575
data_6,2025-12-11 13:22:26.622753,0,0:00:32.910523,3586
data_6,2025-12-11 13:22:26.622753,0,0:00:33.010420,3597
data_6,2025-12-11 13:22:26.622753,0,0:00:33.110547,3608
data_6,2025-12-11 13:22:26.622753,0,0:00:33.210213,3619
data_6,2025-12-11 13:22:26.622753,0,0:00:33.309623,3630
data_6,2025-12-11 13:22:26.622753,0,0:00:33.410236,3641
data_6,2025-12-11 13:22:26.622753,0,0:00:33.510002,3652
data_6,2025-12-11 13:22:26.622753,0,0:00:33.626388,3663
data_6,2025-12-11 13:22:26.622753,0,0:00:33.725369,3674
data_6,2025-12-11 13:22:26.622753,0,0:00:33.823937,3685
data_6,2025-12-11 13:22:26.622753,0,0:00:33.922061,3696
data_6,2025-12-11 13:22:26.622753,0,0:00:34.021464,3707
data_6,2025-12-11 13:22:26.622753,0,0:00:34.122226,3718
data_6,2025-12-11 13:22:26.622753,0,0:00:34.221987,3729
data_6,2025-12-11 13:22:26.622753,0,0:00:34.321165,3740
data_6,2025-12-11 13:22:26.622753,0,0:00:34.421608,3751
data_6,2025-12-11 13:22:26.622753,0,0:00:34.522096,3762
data_6,2025-12-11 13:22:26.622753,0,0:00:34.621946,3773
data_6,2025-12-11 13:22:26.622753,0,0:00:34.722279,3784
data_6,2025-12-11 13:22:26.622753,0,0:00:34.832984,3795
data_6,2025-12-11 13:22:26.622753,0,0:00:34.941126,3806
data_6,2025-12-11 13:22:26.622753,0,0:00:35.052809,3817
data_6,2025-12-11 13:22:26.622753,0,0:00:35.154386,3828
data_6,2025-12-11 13:22:26.622753,0,0:00:35.253335,3839
data_6,2025-12-11 13:22:26.622753,0,0:00:35.352211,3850
data_6,2025-12-11 13:22:26.622753,0,0:00:35.450691,3861
data_6,2025-12-11 13:22:26.622753,0,0:00:35.564559,3872
data_6,2025-12-11 13:22:26.622753,0,0:00:35.662587,3883
data_6,2025-12-11 13:22:26.622753,0,0:00:35.761157,3894
data_6,2025-12-11 13:22:26.622753,0,0:00:35.859871,3905
data_6,2025-12-11 13:22:26.622753,0,0:00:35.958694,3916
data_6,2025-12-11 13:22:26.622753,0,0:00:36.057812,3927
data_6,2025-12-11 13:22:26.622753,0,0:00:36.156764,3938
data_6,2025-12-11 13:22:26.622753,0,0:00:36.254984,3949
data_6,2025-12-11 13:22:26.622753,0,0:00:36.353971,3960
data_6,2025-12-11 13:22:26.622753,0,0:00:36.453727,3971
data_6,2025-12-11 13:22:26.622753,0,0:00:36.553062,3982
data_6,2025-12-11 13:22:26.622753,0,0:00:36.653724,3993
data_6,2025-12-11 13:22:26.622753,0,0:00:36.753321,4004
data_6,2025-12-11 13:22:26.622753,0,0:00:36.852882,4015
data_6,2025-12-11 13:22:26.622753,0,0:00:36.952338,4026
data_6,2025-12-11 13:22:26.622753,0,0:00:37.052326,4037
data_6,2025-12-11 13:22:26.622753,0,0:00:37.152531,4048
data_6,2025-12-11 13:22:26.622753,0,0:00:37.255196,4059
data_6,2025-12-11 13:22:26.622753,0,0:00:37.354994,4070
data_6,2025-12-11 13:22:26.622753,0,0:00:37.454790,4081
data_6,2025-12-11 13:22:26.622753,0,0:00:37.555578,4092
data_6,2025-12-11 13:22:26.622753,0,0:00:37.674248,4103
data_6,2025-12-11 13:22:26.622753,0,0:00:37.773827,4114
data_6,2025-12-11 13:22:26.622753,0,0:00:37.880893,4125
data_6,2025-12-11 13:22:26.622753,0,0:00:37.991434,4136
data_6,2025-12-11 13:22:26.622753,0,0:00:38.102067,4147
data_6,2025-12-11 13:22:26.622753,0,0:00:38.206671,4158
data_6,2025-12-11 13:22:26.622753,0,0:00:38.307674,4169
data_6,2025-12-11 13:22:26.622753,0,0:00:38.407260,4180
data_6,2025-12-11 13:22:26.622753,0,0:00:38.508923,4191
data_6,2025-12-11 13:22:26.622753,0,0:00:38.616460,4202
data_6,2025-12-11 13:22:26.622753,0,0:00:38.727282,4213
data_6,2025-12-11 13:22:26.622753,0,0:00:38.838299,4224
data_6,2025-12-11 13:22:26.622753,0,0:00:38.943188,4235
data_6,2025-12-11 13:22:26.622753,0,0:00:39.046009,4246
data_6,2025-12-11 13:22:26.622753,0,0:00:39.163195,4257
data_6,2025-12-11 13:22:26.622753,0,0:00:39.289715,4268
data_6,2025-12-11 13:22:26.622753,0,0:00:39.391128,4279
data_6,2025-12-11 13:22:26.622753,0,0:00:39.490898,4290
data_6,2025-12-11 13:22:26.622753,0,0:00:39.595349,4301
data_6,2025-12-11 13:22:26.622753,0,0:00:39.701968,4312
data_6,2025-12-11 13:22:26.622753,0,0:00:39.803457,4323
data_6,2025-12-11 13:22:26.622753,0,0:00:39.906096,4334
data_6,2025-12-11 13:22:26.622753,0,0:00:40.006707,4345
data_6,2025-12-11 13:22:26.622753,0,0:00:40.106453,4356
data_6,2025-12-11 13:22:26.622753,0,0:00:40.206627,4367
data_6,2025-12-11 13:22:26.622753,0,0:00:40.305957,4378
data_6,2025-12-11 13:22:26.622753,0,0:00:40.408489,4389
data_6,2025-12-11 13:22:26.622753,0,0:00:40.510740,4400
data_6,2025-12-11 13:22:26.622753,0,0:00:40.612796,4411
data_6,2025-12-11 13:22:26.622753,0,0:00:40.733624,4422
data_6,2025-12-11 13:22:26.622753,0,0:00:40.833887,4433
data_6,2025-12-11 13:22:26.622753,0,0:00:40.933664,4444
data_6,2025-12-11 13:22:26.622753,0,0:00:41.032323,4455
data_6,2025-12-11 13:22:26.622753,0,0:00:41.132193,4466
data_6,2025-12-11 13:22:26.622753,0,0:00:41.234586,4477
data_6,2025-12-11 13:22:26.622753,0,0:00:41.336535,4488
data_6,2025-12-11 13:22:26.622753,0,0:00:41.436850,4499
data_6,2025-12-11 13:22:26.622753,0,0:00:41.536681,4510
data_6,2025-12-11 13:22:26.622753,0,0:00:41.635474,4521
data_6,2025-12-11 13:22:26.622753,0,0:00:41.734499,4532
data_6,2025-12-11 13:22:26.622753,0,0:00:41.833462,4543
data_6,2025-12-11 13:22:26.622753,0,0:00:41.932194,4554
data_6,2025-12-11 13:22:26.622753,0,0:00:42.031727,4565
data_6,2025-12-11 13:22:26.622753,0,0:00:42.133499,4576
data_6,2025-12-11 13:22:26.622753,0,0:00:42.236856,4587
data_6,2025-12-11 13:22:26.622753,0,0:00:42.339558,4598
data_6,2025-12-11 13:22:26.622753,0,0:00:42.438736,4609
data_6,2025-12-11 13:22:26.622753,0,0:00:42.538524,4620
data_6,2025-12-11 13:22:26.622753,0,0:00:42.636959,4631
data_6,2025-12-11 13:22:26.622753,0,0:00:42.750284,4642
data_6,2025-12-11 13:22:26.622753,0,0:00:42.848843,4653
data_6,2025-12-11 13:22:26.622753,0,0:00:42.947692,4664
data_6,2025-12-11 13:22:26.622753,0,0:00:43.048190,4675
data_6,2025-12-11 13:22:26.622753,0,0:00:43.148388,4686
data_6,2025-12-11 13:22:26.622753,0,0:00:43.248086,4697
data_6,2025-12-11 13:22:26.622753,0,0:00:43.348926,4708
data_6,2025-12-11 13:22:26.622753,0,0:00:43.449694,4719
data_6,2025-12-11 13:22:26.622753,0,0:00:43.548680,4730
data_6,2025-12-11 13:22:26.622753,0,0:00:43.647781,4741
data_6,2025-12-11 13:22:26.622753,0,0:00:43.746786,4752
data_6,2025-12-11 13:22:26.622753,0,0:00:43.846745,4763
data_6,2025-12-11 13:22:26.622753,0,0:00:43.948619,4774
data_6,2025-12-11 13:22:26.622753,0,0:00:44.049813,4785
data_6,2025-12-11 13:22:26.622753,0,0:00:44.149865,4796
data_6,2025-12-11 13:22:26.622753,0,0:00:44.250337,4807
data_6,2025-12-11 13:22:26.622753,0,0:00:44.350007,4818
data_6,2025-12-11 13:22:26.622753,0,0:00:44.450371,4829
data_6,2025-12-11 13:22:26.622753,0,0:00:44.549210,4840
data_6,2025-12-11 13:22:26.622753,0,0:00:44.647573,4851
data_6,2025-12-11 13:22:26.622753,0,0:00:44.747916,4862
data_6,2025-12-11 13:22:26.622753,0,0:00:44.867639,4873
data_6,2025-12-11 13:22:26.622753,0,0:00:44.969999,4884
data_6,2025-12-11 13:22:26.622753,0,0:00:45.070298,4895
data_6,2025-12-11 13:22:26.622753,0,0:00:45.170309,4906
data_6,2025-12-11 13:22:26.622753,0,0:00:45.270048,4917
data_6,2025-12-11 13:22:26.622753,0,0:00:45.368767,4928
data_6,2025-12-11 13:22:26.622753,0,0:00:45.467150,4939
data_6,2025-12-11 13:22:26.622753,0,0:00:45.566112,4950
data_6,2025-12-11 13:22:26.622753,0,0:00:45.665288,4961
data_6,2025-12-11 13:22:26.622753,0,0:00:45.765274,4972
data_6,2025-12-11 13:22:26.622753,0,0:00:45.867814,4983
data_6,2025-12-11 13:22:26.622753,0,0:00:45.967900,4994
data_6,2025-12-11 13:22:26.622753,0,0:00:46.067482,5005
data_6,2025-12-11 13:22:26.622753,0,0:00:46.075121,5006
data_6,2025-12-11 13:23:33.609594,0,0:00:00.106554,11
data_6,2025-12-11 13:23:33.609594,0,0:00:00.213454,22
data_6,2025-12-11 13:23:33.609594,0,0:00:00.314793,33
data_6,2025-12-11 13:23:33.609594,0,0:00:00.415953,44
data_6,2025-12-11 13:23:33.609594,0,0:00:00.516368,55
data_6,2025-12-11 13:23:33.609594,0,0:00:00.616371,66
data_6,2025-12-11 13:23:33.609594,0,0:00:00.716155,77
data_6,2025-12-11 13:23:33.609594,0,0:00:00.815640,88
data_6,2025-12-11 13:23:33.609594,0,0:00:00.917511,99
data_6,2025-12-11 13:23:33.609594,0,0:00:01.017597,110
data_6,2025-12-11 13:23:33.609594,0,0:00:01.118434,121
data_6,2025-12-11 13:23:33.609594,0,0:00:01.219885,132
data_6,2025-12-11 13:23:33.609594,0,0:00:01.320180,143
data_6,2025-12-11 13:23:33.609594,0,0:00:01.421712,154
data_6,2025-12-11 13:23:33.609594,0,0:00:01.521781,165
data_6,2025-12-11 13:23:33.609594,0,0:00:01.636429,176
data_6,2025-12-11 13:23:33.609594,0,0:00:01.736852,187
data_6,2025-12-11 13:23:33.609594,0,0:00:01.839398,198
data_6,2025-12-11 13:23:33.609594,0,0:00:01.940974,209
data_6,2025-12-11 13:23:33.609594,0,0:00:02.040806,220
data_6,2025-12-11 13:23:33.609594,0,0:00:02.140776,231
data_6,2025-12-11 13:23:33.609594,0,0:00:02.240897,242
data_6,2025-12-11 13:23:33.609594,0,0:00:02.342106,253
data_6,2025-12-11 13:23:33.609594,0,0:00:02.443138,264
data_6,2025-12-11 13:23:33.609594,0,0:00:02.543564,275
data_6,2025-12-11 13:23:33.609594,0,0:00:02.643508,286
data_6,2025-12-11 13:23:33.609594,0,0:00:02.744039,297
data_6,2025-12-11 13:23:33.609594,0,0:00:02.843314,308
data_6,2025-12-11 13:23:33.609594,0,0:00:02.944056,319
data_6,2025-12-11 13:23:33.609594,0,0:00:03.044384,330
data_6,2025-12-11 13:23:33.609594,0,0:00:03.145022,341
data_6,2025-12-11 13:23:33.609594,0,0:00:03.245459,352
data_6,2025-12-11 13:23:33.609594,0,0:00:03.345599,363
data_6,2025-12-11 13:23:33.609594,0,0:00:03.445009,374
data_6,2025-12-11 13:23:33.609594,0,0:00:03.545252,385
data_6,2025-12-11 13:23:33.609594,0,0:00:03.645679,396
data_6,2025-12-11 13:23:33.609594,0,0:00:03.745731,407
data_6,2025-12-11 13:23:33.609594,0,0:00:03.845454,418
data_6,2025-12-11 13:23:33.609594,0,0:00:03.945268,429
data_6,2025-12-11 13:23:33.609594,0,0:00:04.045957,440
data_6,2025-12-11 13:23:33.609594,0,0:00:04.146055,451
data_6,2025-12-11 13:23:33.609594,0,0:00:04.246054,462
data_6,2025-12-11 13:23:33.609594,0,0:00:04.347772,473
data_6,2025-12-11 13:23:33.609594,0,0:00:04.447732,484
data_6,2025-12-11 13:23:33.609594,0,0:00:04.547759,495
data_6,2025-12-11 13:23:33.609594,0,0:00:04.647976,506
data_6,2025-12-11 13:23:33.609594,0,0:00:04.749097,517
data_6,2025-12-11 13:23:33.609594,0,0:00:04.866662,528
data_6,2025-12-11 13:23:33.609594,0,0:00:04.966709,539
data_6,2025-12-11 13:23:33.609594,0,0:00:05.067994,550
data_6,2025-12-11 13:23:33.609594,0,0:00:05.168188,561
data_6,2025-12-11 13:23:33.609594,0,0:00:05.268862,572
data_6,2025-12-11 13:23:33.609594,0,0:00:05.368969,583
data_6,2025-12-11 13:23:33.609594,0,0:00:05.468827,594
data_6,2025-12-11 13:23:33.609594,0,0:00:05.569012,605
data_6,2025-12-11 13:23:33.609594,0,0:00:05.668055,616
data_6,2025-12-11 13:23:33.609594,0,0:00:05.768489,627
data_6,2025-12-11 13:23:33.609594,0,0:00:05.869539,638
data_6,2025-12-11 13:23:33.609594,0,0:00:05.970372,649
data_6,2025-12-11 13:23:33.609594,0,0:00:06.070256,660
data_6,2025-12-11 13:23:33.609594,0,0:00:06.171009,671
data_6,2025-12-11 13:23:33.609594,0,0:00:06.270830,682
data_6,2025-12-11 13:23:33.609594,0,0:00:06.371289,693
data_6,2025-12-11 13:23:33.609594,0,0:00:06.471694,704
data_6,2025-12-11 13:23:33.609594,0,0:00:06.572429,715
data_6,2025-12-11 13:23:33.609594,0,0:00:06.672104,726
data_6,2025-12-11 13:23:33.609594,0,0:00:06.772805,737
data_6,2025-12-11 13:23:33.609594,0,0:00:06.873250,748
data_6,2025-12-11 13:23:33.609594,0,0:00:06.972938,759
data_6,2025-12-11 13:23:33.609594,0,0:00:07.074034,770
data_6,2025-12-11 13:23:33.609594,0,0:00:07.173986,781
data_6,2025-12-11 13:23:33.609594,0,0:00:07.272985,792
data_6,2025-12-11 13:23:33.609594,0,0:00:07.373501,803
data_6,2025-12-11 13:23:33.609594,0,0:00:07.474925,814
data_6,2025-12-11 13:23:33.609594,0,0:00:07.575342,825
data_6,2025-12-11 13:23:33.609594,0,0:00:07.676161,836
data_6,2025-12-11 13:23:33.609594,0,0:00:07.776017,847
data_6,2025-12-11 13:23:33.609594,0,0:00:07.876963,858
data_6,2025-12-11 13:23:33.609594,0,0:00:07.977200,869
data_6,2025-12-11 13:23:33.609594,0,0:00:08.095723,880
data_6,2025-12-11 13:23:33.609594,0,0:00:08.195500,891
data_6,2025-12-11 13:23:33.609594,0,0:00:08.294413,902
data_6,2025-12-11 13:23:33.609594,0,0:00:08.394405,913
data_6,2025-12-11 13:23:33.609594,0,0:00:08.495109,924
data_6,2025-12-11 13:23:33.609594,0,0:00:08.595509,935
data_6,2025-12-11 13:23:33.609594,0,0:00:08.694567,946
data_6,2025-12-11 13:23:33.609594,0,0:00:08.794824,957
data_6,2025-12-11 13:23:33.609594,0,0:00:08.895486,968
data_6,2025-12-11 13:23:33.609594,0,0:00:08.995682,979
data_6,2025-12-11 13:23:33.609594,0,0:00:09.095475,990
data_6,2025-12-11 13:23:33.609594,0,0:00:09.194601,1001
data_6,2025-12-11 13:23:33.609594,0,0:00:09.202064,1002
data_6,2025-12-11 13:24:45.769100,0,0:00:00.100504,2
data_6,2025-12-11 13:24:45.769100,0,0:00:00.175719,4
data_6,2025-12-11 13:24:45.769100,0,0:00:00.244353,6
data_6,2025-12-11 13:24:45.769100,0,0:00:00.310102,8
data_6,2025-12-11 13:24:45.769100,0,0:00:00.374522,10
data_6,2025-12-11 13:24:45.769100,0,0:00:00.438491,12
data_6,2025-12-11 13:24:45.769100,0,0:00:00.503440,14
data_6,2025-12-11 13:24:45.769100,0,0:00:00.569599,16
data_6,2025-12-11 13:24:45.769100,0,0:00:00.635262,18
data_6,2025-12-11 13:24:45.769100,0,0:00:00.701051,20
data_6,2025-12-11 13:24:45.769100,0,0:00:00.766424,22
data_6,2025-12-11 13:24:45.769100,0,0:00:00.831780,24
data_6,2025-12-11 13:24:45.769100,0,0:00:00.897495,26
data_6,2025-12-11 13:24:45.769100,0,0:00:00.962380,28
data_6,2025-12-11 13:24:45.769100,0,0:00:01.026996,30
data_6,2025-12-11 13:24:45.769100,0,0:00:01.091965,32
data_6,2025-12-11 13:24:45.769100,0,0:00:01.156922,34
data_6,2025-12-11 13:24:45.769100,0,0:00:01.222083,36
data_6,2025-12-11 13:24:45.769100,0,0:00:01.287017,38
data_6,2025-12-11 13:24:45.769100,0,0:00:01.352417,40
data_6,2025-12-11 13:24:45.769100,0,0:00:01.417257,42
data_6,2025-12-11 13:24:45.769100,0,0:00:01.482172,44
data_6,2025-12-11 13:24:45.769100,0,0:00:01.547727,46
data_6,2025-12-11 13:24:45.769100,0,0:00:01.612437,48
data_6,2025-12-11 13:24:45.769100,0,0:00:01.677818,50
data_6,2025-12-11 13:24:45.769100,0,0:00:01.743012,52
data_6,2025-12-11 13:24:45.769100,0,0:00:01.810058,54
data_6,2025-12-11 13:24:45.769100,0,0:00:01.876374,56
data_6,2025-12-11 13:24:45.769100,0,0:00:01.941840,58
data_6,2025-12-11 13:24:45.769100,0,0:00:02.007537,60
data_6,2025-12-11 13:24:45.769100,0,0:00:02.073050,62
data_6,2025-12-11 13:24:45.769100,0,0:00:02.139042,64
data_6,2025-12-11 13:24:45.769100,0,0:00:02.203620,66
data_6,2025-12-11 13:24:45.769100,0,0:00:02.269549,68
data_6,2025-12-11 13:24:45.769100,0,0:00:02.353816,70
data_6,2025-12-11 13:24:45.769100,0,0:00:02.420296,72
data_6,2025-12-11 13:24:45.769100,0,0:00:02.486696,74
data_6,2025-12-11 13:24:45.769100,0,0:00:02.552813,76
data_6,2025-12-11 13:24:45.769100,0,0:00:02.618121,78
data_6,2025-12-11 13:24:45.769100,0,0:00:02.684021,80
data_6,2025-12-11 13:24:45.769100,0,0:00:02.748946,82
data_6,2025-12-11 13:24:45.769100,0,0:00:02.814695,84
data_6,2025-12-11 13:24:45.769100,0,0:00:02.880565,86
data_6,2025-12-11 13:24:45.769100,0,0:00:02.948293,88
data_6,2025-12-11 13:24:45.769100,0,0:00:03.015284,90
data_6,2025-12-11 13:24:45.769100,0,0:00:03.082708,92
data_6,2025-12-11 13:24:45.769100,0,0:00:03.149530,94
data_6,2025-12-11 13:24:45.769100,0,0:00:03.217263,96
data_6,2025-12-11 13:24:45.769100,0,0:00:03.284696,98
data_6,2025-12-11 13:24:45.769100,0,0:00:03.352597,100
data_6,2025-12-11 13:24:45.769100,0,0:00:03.420142,102
data_6,2025-12-11 13:24:45.769100,0,0:00:03.487635,104
data_6,2025-12-11 13:24:45.769100,0,0:00:03.554652,106
data_6,2025-12-11 13:24:45.769100,0,0:00:03.621077,108
data_6,2025-12-11 13:24:45.769100,0,0:00:03.721214,110
data_6,2025-12-11 13:24:45.769100,0,0:00:03.788895,112
data_6,2025-12-11 13:24:45.769100,0,0:00:03.856902,114
data_6,2025-12-11 13:24:45.769100,0,0:00:03.925145,116
data_6,2025-12-11 13:24:45.769100,0,0:00:03.993120,118
data_6,2025-12-11 13:24:45.769100,0,0:00:04.061435,120
data_6,2025-12-11 13:24:45.769100,0,0:00:04.129476,122
data_6,2025-12-11 13:24:45.769100,0,0:00:04.197077,124
data_6,2025-12-11 13:24:45.769100,0,0:00:04.263274,126
data_6,2025-12-11 13:24:45.769100,0,0:00:04.329342,128
data_6,2025-12-11 13:24:45.769100,0,0:00:04.395049,130
data_6,2025-12-11 13:24:45.769100,0,0:00:04.476974,132
data_6,2025-12-11 13:24:45.769100,0,0:00:04.545311,134
data_6,2025-12-11 13:24:45.769100,0,0:00:04.613289,136
data_6,2025-12-11 13:24:45.769100,0,0:00:04.681446,138
data_6,2025-12-11 13:24:45.769100,0,0:00:04.749795,140
data_6,2025-12-11 13:24:45.769100,0,0:00:04.818320,142
data_6,2025-12-11 13:24:45.769100,0,0:00:04.886540,144
data_6,2025-12-11 13:24:45.769100,0,0:00:04.954782,146
data_6,2025-12-11 13:24:45.769100,0,0:00:05.021715,148
data_6,2025-12-11 13:24:45.769100,0,0:00:05.087464,150
data_6,2025-12-11 13:24:45.769100,0,0:00:05.153872,152
data_6,2025-12-11 13:24:45.769100,0,0:00:05.221094,154
data_6,2025-12-11 13:24:45.769100,0,0:00:05.288527,156
data_6,2025-12-11 13:24:45.769100,0,0:00:05.356056,158
data_6,2025-12-11 13:24:45.769100,0,0:00:05.423401,160
data_6,2025-12-11 13:24:45.769100,0,0:00:05.490879,162
data_6,2025-12-11 13:24:45.769100,0,0:00:05.558784,164
data_6,2025-12-11 13:24:45.769100,0,0:00:05.626399,166
data_6,2025-12-11 13:24:45.769100,0,0:00:05.694006,168
data_6,2025-12-11 13:24:45.769100,0,0:00:05.761463,170
data_6,2025-12-11 13:24:45.769100,0,0:00:05.828878,172
data_6,2025-12-11 13:24:45.769100,0,0:00:05.898794,174
data_6,2025-12-11 13:24:45.769100,0,0:00:05.966800,176
data_6,2025-12-11 13:24:45.769100,0,0:00:06.035544,178
data_6,2025-12-11 13:24:45.769100,0,0:00:06.103498,180
data_6,2025-12-11 13:24:45.769100,0,0:00:06.191707,182
data_6,2025-12-11 13:24:45.769100,0,0:00:06.260276,184
data_6,2025-12-11 13:24:45.769100,0,0:00:06.327776,186
data_6,2025-12-11 13:24:45.769100,0,0:00:06.393518,188
data_6,2025-12-11 13:24:45.769100,0,0:00:06.460005,190
data_6,2025-12-11 13:24:45.769100,0,0:00:06.528204,192
data_6,2025-12-11 13:24:45.769100,0,0:00:06.596923,194
data_6,2025-12-11 13:24:45.769100,0,0:00:06.664882,196
data_6,2025-12-11 13:24:45.769100,0,0:00:06.732401,198
data_6,2025-12-11 13:24:45.769100,0,0:00:06.801064,200
data_6,2025-12-11 13:24:45.769100,0,0:00:06.868655,202
data_6,2025-12-11 13:24:45.769100,0,0:00:06.936601,204
data_6,2025-12-11 13:24:45.769100,0,0:00:07.005527,206
data_6,2025-12-11 13:24:45.769100,0,0:00:07.073740,208
data_6,2025-12-11 13:24:45.769100,0,0:00:07.140879,210
data_6,2025-12-11 13:24:45.769100,0,0:00:07.208806,212
data_6,2025-12-11 13:24:45.769100,0,0:00:07.274579,214
data_6,2025-12-11 13:24:45.769100,0,0:00:07.342178,216
data_6,2025-12-11 13:24:45.769100,0,0:00:07.410579,218
data_6,2025-12-11 13:24:45.769100,0,0:00:07.479058,220
data_6,2025-12-11 13:24:45.769100,0,0:00:07.546547,222
data_6,2025-12-11 13:24:45.769100,0,0:00:07.614693,224
data_6,2025-12-11 13:24:45.769100,0,0:00:07.682097,226
data_6,2025-12-11 13:24:45.769100,0,0:00:07.750034,228
data_6,2025-12-11 13:24:45.769100,0,0:00:07.816862,230
data_6,2025-12-11 13:24:45.769100,0,0:00:07.904101,232
data_6,2025-12-11 13:24:45.769100,0,0:00:07.970832,234
data_6,2025-12-11 13:24:45.769100,0,0:00:08.036912,236
data_6,2025-12-11 13:24:45.769100,0,0:00:08.102536,238
data_6,2025-12-11 13:24:45.769100,0,0:00:08.167887,240
data_6,2025-12-11 13:24:45.769100,0,0:00:08.233492,242
data_6,2025-12-11 13:24:45.769100,0,0:00:08.298561,244
data_6,2025-12-11 13:24:45.769100,0,0:00:08.363631,246
data_6,2025-12-11 13:24:45.769100,0,0:00:08.429175,248
data_6,2025-12-11 13:24:45.769100,0,0:00:08.495769,250
data_6,2025-12-11 13:24:45.769100,0,0:00:08.563192,252
data_6,2025-12-11 13:24:45.769100,0,0:00:08.637907,254
data_6,2025-12-11 13:24:45.769100,0,0:00:08.705652,256
data_6,2025-12-11 13:24:45.769100,0,0:00:08.775227,258
data_6,2025-12-11 13:24:45.769100,0,0:00:08.843438,260
data_6,2025-12-11 13:24:45.769100,0,0:00:08.911781,262
data_6,2025-12-11 13:24:45.769100,0,0:00:08.979699,264
data_6,2025-12-11 13:24:45.769100,0,0:00:09.047770,266
data_6,2025-12-11 13:24:45.769100,0,0:00:09.115126,268
data_6,2025-12-11 13:24:45.769100,0,0:00:09.183280,270
data_6,2025-12-11 13:24:45.769100,0,0:00:09.250099,272
data_6,2025-12-11 13:24:45.769100,0,0:00:09.318349,274
data_6,2025-12-11 13:24:45.769100,0,0:00:09.385674,276
data_6,2025-12-11 13:24:45.769100,0,0:00:09.452891,278
data_6,2025-12-11 13:24:45.769100,0,0:00:09.519208,280
data_6,2025-12-11 13:24:45.769100,0,0:00:09.585694,282
data_6,2025-12-11 13:24:45.769100,0,0:00:09.650715,284
data_6,2025-12-11 13:24:45.769100,0,0:00:09.716804,286
data_6,2025-12-11 13:24:45.769100,0,0:00:09.782459,288
data_6,2025-12-11 13:24:45.769100,0,0:00:09.866858,290
data_6,2025-12-11 13:24:45.769100,0,0:00:09.934775,292
data_6,2025-12-11 13:24:45.769100,0,0:00:10.002020,294
data_6,2025-12-11 13:24:45.769100,0,0:00:10.069409,296
data_6,2025-12-11 13:24:45.769100,0,0:00:10.136848,298
data_6,2025-12-11 13:24:45.769100,0,0:00:10.204877,300
data_6,2025-12-11 13:24:45.769100,0,0:00:10.272319,302
data_6,2025-12-11 13:24:45.769100,0,0:00:10.341096,304
data_6,2025-12-11 13:24:45.769100,0,0:00:10.408453,306
data_6,2025-12-11 13:24:45.769100,0,0:00:10.476318,308
data_6,2025-12-11 13:24:45.769100,0,0:00:10.543470,310
data_6,2025-12-11 13:24:45.769100,0,0:00:10.610662,312
data_6,2025-12-11 13:24:45.769100,0,0:00:10.677976,314
data_6,2025-12-11 13:24:45.769100,0,0:00:10.745541,316
data_6,2025-12-11 13:24:45.769100,0,0:00:10.811837,318
data_6,2025-12-11 13:24:45.769100,0,0:00:10.878833,320
data_6,2025-12-11 13:24:45.769100,0,0:00:10.945144,322
data_6,2025-12-11 13:24:45.769100,0,0:00:11.010732,324
data_6,2025-12-11 13:24:45.769100,0,0:00:11.077060,326
data_6,2025-12-11 13:24:45.769100,0,0:00:11.142603,328
data_6,2025-12-11 13:24:45.769100,0,0:00:11.208532,330
data_6,2025-12-11 13:24:45.769100,0,0:00:11.278634,332
data_6,2025-12-11 13:24:45.769100,0,0:00:11.344781,334
data_6,2025-12-11 13:24:45.769100,0,0:00:11.411101,336
data_6,2025-12-11 13:24:45.769100,0,0:00:11.477882,338
data_6,2025-12-11 13:24:45.769100,0,0:00:11.545983,340
data_6,2025-12-11 13:24:45.769100,0,0:00:11.633853,342
data_6,2025-12-11 13:24:45.769100,0,0:00:11.699925,344
data_6,2025-12-11 13:24:45.769100,0,0:00:11.765821,346
data_6,2025-12-11 13:24:45.769100,0,0:00:11.831483,348
data_6,2025-12-11 13:24:45.769100,0,0:00:11.897005,350
data_6,2025-12-11 13:24:45.769100,0,0:00:11.962547,352
data_6,2025-12-11 13:24:45.769100,0,0:00:12.027672,354
data_6,2025-12-11 13:24:45.769100,0,0:00:12.093818,356
data_6,2025-12-11 13:24:45.769100,0,0:00:12.159644,358
data_6,2025-12-11 13:24:45.769100,0,0:00:12.227482,360
data_6,2025-12-11 13:24:45.769100,0,0:00:12.294132,362
data_6,2025-12-11 13:24:45.769100,0,0:00:12.361224,364
data_6,2025-12-11 13:24:45.769100,0,0:00:12.427977,366
data_6,2025-12-11 13:24:45.769100,0,0:00:12.494011,368
data_6,2025-12-11 13:24:45.769100,0,0:00:12.559964,370
data_6,2025-12-11 13:24:45.769100,0,0:00:12.626168,372
data_6,2025-12-11 13:24:45.769100,0,0:00:12.691277,374
data_6,2025-12-11 13:24:45.769100,0,0:00:12.756813,376
data_6,2025-12-11 13:24:45.769100,0,0:00:12.821990,378
data_6,2025-12-11 13:24:45.769100,0,0:00:12.887694,380
data_6,2025-12-11 13:24:45.769100,0,0:00:12.953139,382
data_6,2025-12-11 13:24:45.769100,0,0:00:13.018385,384
data_6,2025-12-11 13:24:45.769100,0,0:00:13.083502,386
data_6,2025-12-11 13:24:45.769100,0,0:00:13.149295,388
data_6,2025-12-11 13:24:45.769100,0,0:00:13.214728,390
data_6,2025-12-11 13:24:45.769100,0,0:00:13.280299,392
data_6,2025-12-11 13:24:45.769100,0,0:00:13.345927,394
data_6,2025-12-11 13:24:45.769100,0,0:00:13.411968,396
data_6,2025-12-11 13:24:45.769100,0,0:00:13.479325,398
data_6,2025-12-11 13:24:45.769100,0,0:00:13.546913,400
data_6,2025-12-11 13:24:45.769100,0,0:00:13.613769,402
data_6,2025-12-11 13:24:45.769100,0,0:00:13.700140,404
data_6,2025-12-11 13:24:45.769100,0,0:00:13.765815,406
data_6,2025-12-11 13:24:45.769100,0,0:00:13.830726,408
data_6,2025-12-11 13:24:45.769100,0,0:00:13.895725,410
data_6,2025-12-11 13:24:45.769100,0,0:00:13.960744,412
data_6,2025-12-11 13:24:45.769100,0,0:00:14.026027,414
data_6,2025-12-11 13:24:45.769100,0,0:00:14.092279,416
data_6,2025-12-11 13:24:45.769100,0,0:00:14.157638,418
data_6,2025-12-11 13:24:45.769100,0,0:00:14.223337,420
data_6,2025-12-11 13:24:45.769100,0,0:00:14.288627,422
data_6,2025-12-11 13:24:45.769100,0,0:00:14.353590,424
data_6,2025-12-11 13:24:45.769100,0,0:00:14.418415,426
data_6,2025-12-11 13:24:45.769100,0,0:00:14.485214,428
data_6,2025-12-11 13:24:45.769100,0,0:00:14.552628,430
data_6,2025-12-11 13:24:45.769100,0,0:00:14.620136,432
data_6,2025-12-11 13:24:45.769100,0,0:00:14.687143,434
data_6,2025-12-11 13:24:45.769100,0,0:00:14.754989,436
data_6,2025-12-11 13:24:45.769100,0,0:00:14.822504,438
data_6,2025-12-11 13:24:45.769100,0,0:00:14.890026,440
data_6,2025-12-11 13:24:45.769100,0,0:00:14.956865,442
data_6,2025-12-11 13:24:45.769100,0,0:00:15.023577,444
data_6,2025-12-11 13:24:45.769100,0,0:00:15.089312,446
data_6,2025-12-11 13:24:45.769100,0,0:00:15.155338,448
data_6,2025-12-11 13:24:45.769100,0,0:00:15.220848,450
data_6,2025-12-11 13:24:45.769100,0,0:00:15.287304,452
data_6,2025-12-11 13:24:45.769100,0,0:00:15.353158,454
data_6,2025-12-11 13:24:45.769100,0,0:00:15.418769,456
data_6,2025-12-11 13:24:45.769100,0,0:00:15.484513,458
data_6,2025-12-11 13:24:45.769100,0,0:00:15.550900,460
data_6,2025-12-11 13:24:45.769100,0,0:00:15.615699,462
data_6,2025-12-11 13:24:45.769100,0,0:00:15.681170,464
data_6,2025-12-11 13:24:45.769100,0,0:00:15.762566,466
data_6,2025-12-11 13:24:45.769100,0,0:00:15.828265,468
data_6,2025-12-11 13:24:45.769100,0,0:00:15.894159,470
data_6,2025-12-11 13:24:45.769100,0,0:00:15.959931,472
data_6,2025-12-11 13:24:45.769100,0,0:00:16.025473,474
data_6,2025-12-11 13:24:45.769100,0,0:00:16.090601,476
data_6,2025-12-11 13:24:45.769100,0,0:00:16.156123,478
data_6,2025-12-11 13:24:45.769100,0,0:00:16.221494,480
data_6,2025-12-11 13:24:45.769100,0,0:00:16.287307,482
data_6,2025-12-11 13:24:45.769100,0,0:00:16.353767,484
data_6,2025-12-11 13:24:45.769100,0,0:00:16.419442,486
data_6,2025-12-11 13:24:45.769100,0,0:00:16.485125,488
data_6,2025-12-11 13:24:45.769100,0,0:00:16.551087,490
data_6,2025-12-11 13:24:45.769100,0,0:00:16.617231,492
data_6,2025-12-11 13:24:45.769100,0,0:00:16.683161,494
data_6,2025-12-11 13:24:45.769100,0,0:00:16.749897,496
data_6,2025-12-11 13:24:45.769100,0,0:00:16.816880,498
data_6,2025-12-11 13:24:45.769100,0,0:00:16.885347,500
data_6,2025-12-11 13:24:45.769100,0,0:00:16.953224,502
data_6,2025-12-11 13:24:45.769100,0,0:00:17.021616,504
data_6,2025-12-11 13:24:45.769100,0,0:00:17.089363,506
data_6,2025-12-11 13:24:45.769100,0,0:00:17.157901,508
data_6,2025-12-11 13:24:45.769100,0,0:00:17.225124,510
data_6,2025-12-11 13:24:45.769100,0,0:00:17.293591,512
data_6,2025-12-11 13:24:45.769100,0,0:00:17.361663,514
data_6,2025-12-11 13:24:45.769100,0,0:00:17.428958,516
data_6,2025-12-11 13:24:45.769100,0,0:00:17.496491,518
data_6,2025-12-11 13:24:45.769100,0,0:00:17.563193,520
data_6,2025-12-11 13:24:45.769100,0,0:00:17.629857,522
data_6,2025-12-11 13:24:45.769100,0,0:00:17.697284,524
data_6,2025-12-11 13:24:45.769100,0,0:00:17.764743,526
data_6,2025-12-11 13:24:45.769100,0,0:00:17.848398,528
data_6,2025-12-11 13:24:45.769100,0,0:00:17.915066,530
data_6,2025-12-11 13:24:45.769100,0,0:00:17.982148,532
data_6,2025-12-11 13:24:45.769100,0,0:00:18.050455,534
data_6,2025-12-11 13:24:45.769100,0,0:00:18.118208,536
data_6,2025-12-11 13:24:45.769100,0,0:00:18.186770,538
data_6,2025-12-11 13:24:45.769100,0,0:00:18.254299,540
data_6,2025-12-11 13:24:45.769100,0,0:00:18.322019,542
data_6,2025-12-11 13:24:45.769100,0,0:00:18.389497,544
data_6,2025-12-11 13:24:45.769100,0,0:00:18.457454,546
data_6,2025-12-11 13:24:45.769100,0,0:00:18.525041,548
data_6,2025-12-11 13:24:45.769100,0,0:00:18.593459,550
data_6,2025-12-11 13:24:45.769100,0,0:00:18.659675,552
data_6,2025-12-11 13:24:45.769100,0,0:00:18.727448,554
data_6,2025-12-11 13:24:45.769100,0,0:00:18.793848,556
data_6,2025-12-11 13:24:45.769100,0,0:00:18.860285,558
data_6,2025-12-11 13:24:45.769100,0,0:00:18.925693,560
data_6,2025-12-11 13:24:45.769100,0,0:00:18.991644,562
data_6,2025-12-11 13:24:45.769100,0,0:00:19.057814,564
data_6,2025-12-11 13:24:45.769100,0,0:00:19.123721,566
data_6,2025-12-11 13:24:45.769100,0,0:00:19.189249,568
data_6,2025-12-11 13:24:45.769100,0,0:00:19.255192,570
data_6,2025-12-11 13:24:45.769100,0,0:00:19.320413,572
data_6,2025-12-11 13:24:45.769100,0,0:00:19.386315,574
data_6,2025-12-11 13:24:45.769100,0,0:00:19.451389,576
data_6,2025-12-11 13:24:45.769100,0,0:00:19.516686,578
data_6,2025-12-11 13:24:45.769100,0,0:00:19.581657,580
data_6,2025-12-11 13:24:45.769100,0,0:00:19.647659,582
data_6,2025-12-11 13:24:45.769100,0,0:00:19.713601,584
data_6,2025-12-11 13:24:45.769100,0,0:00:19.801409,586
data_6,2025-12-11 13:24:45.769100,0,0:00:19.869148,588
data_6,2025-12-11 13:24:45.769100,0,0:00:19.936799,590
data_6,2025-12-11 13:24:45.769100,0,0:00:20.004927,592
data_6,2025-12-11 13:24:45.769100,0,0:00:20.072272,594
data_6,2025-12-11 13:24:45.769100,0,0:00:20.140872,596
data_6,2025-12-11 13:24:45.769100,0,0:00:20.208695,598
data_6,2025-12-11 13:24:45.769100,0,0:00:20.277105,600
data_6,2025-12-11 13:24:45.769100,0,0:00:20.344374,602
data_6,2025-12-11 13:24:45.769100,0,0:00:20.410150,604
data_6,2025-12-11 13:24:45.769100,0,0:00:20.476830,606
data_6,2025-12-11 13:24:45.769100,0,0:00:20.542374,608
data_6,2025-12-11 13:24:45.769100,0,0:00:20.610449,610
data_6,2025-12-11 13:24:45.769100,0,0:00:20.679398,612
data_6,2025-12-11 13:24:45.769100,0,0:00:20.747249,614
data_6,2025-12-11 13:24:45.769100,0,0:00:20.833146,616
data_6,2025-12-11 13:24:45.769100,0,0:00:20.901931,618
data_6,2025-12-11 13:24:45.769100,0,0:00:20.968989,620
data_6,2025-12-11 13:24:45.769100,0,0:00:21.035328,622
data_6,2025-12-11 13:24:45.769100,0,0:00:21.101312,624
data_6,2025-12-11 13:24:45.769100,0,0:00:21.167528,626
data_6,2025-12-11 13:24:45.769100,0,0:00:21.233303,628
data_6,2025-12-11 13:24:45.769100,0,0:00:21.299535,630
data_6,2025-12-11 13:24:45.769100,0,0:00:21.364784,632
data_6,2025-12-11 13:24:45.769100,0,0:00:21.430795,634
data_6,2025-12-11 13:24:45.769100,0,0:00:21.495965,636
data_6,2025-12-11 13:24:45.769100,0,0:00:21.561769,638
data_6,2025-12-11 13:24:45.769100,0,0:00:21.626505,640
data_6,2025-12-11 13:24:45.769100,0,0:00:21.691850,642
data_6,2025-12-11 13:24:45.769100,0,0:00:21.757462,644
data_6,2025-12-11 13:24:45.769100,0,0:00:21.823246,646
data_6,2025-12-11 13:24:45.769100,0,0:00:21.888323,648
data_6,2025-12-11 13:24:45.769100,0,0:00:21.959631,650
data_6,2025-12-11 13:24:45.769100,0,0:00:22.024702,652
data_6,2025-12-11 13:24:45.769100,0,0:00:22.090276,654
data_6,2025-12-11 13:24:45.769100,0,0:00:22.156107,656
data_6,2025-12-11 13:24:45.769100,0,0:00:22.222179,658
data_6,2025-12-11 13:24:45.769100,0,0:00:22.287431,660
data_6,2025-12-11 13:24:45.769100,0,0:00:22.352818,662
data_6,2025-12-11 13:24:45.769100,0,0:00:22.418911,664
data_6,2025-12-11 13:24:45.769100,0,0:00:22.484377,666
data_6,2025-12-11 13:24:45.769100,0,0:00:22.549844,668
data_6,2025-12-11 13:24:45.769100,0,0:00:22.615489,670
data_6,2025-12-11 13:24:45.769100,0,0:00:22.681299,672
data_6,2025-12-11 13:24:45.769100,0,0:00:22.746913,674
data_6,2025-12-11 13:24:45.769100,0,0:00:22.812112,676
data_6,2025-12-11 13:24:45.769100,0,0:00:22.877503,678
data_6,2025-12-11 13:24:45.769100,0,0:00:22.943466,680
data_6,2025-12-11 13:24:45.769100,0,0:00:23.023009,682
data_6,2025-12-11 13:24:45.769100,0,0:00:23.090324,684
data_6,2025-12-11 13:24:45.769100,0,0:00:23.158133,686
data_6,2025-12-11 13:24:45.769100,0,0:00:23.225605,688
data_6,2025-12-11 13:24:45.769100,0,0:00:23.291290,690
data_6,2025-12-11 13:24:45.769100,0,0:00:23.357263,692
data_6,2025-12-11 13:24:45.769100,0,0:00:23.423459,694
data_6,2025-12-11 13:24:45.769100,0,0:00:23.490233,696
data_6,2025-12-11 13:24:45.769100,0,0:00:23.556327,698
data_6,2025-12-11 13:24:45.769100,0,0:00:23.622668,700
data_6,2025-12-11 13:24:45.769100,0,0:00:23.688124,702
data_6,2025-12-11 13:24:45.769100,0,0:00:23.754243,704
data_6,2025-12-11 13:24:45.769100,0,0:00:23.819767,706
data_6,2025-12-11 13:24:45.769100,0,0:00:23.885707,708
data_6,2025-12-11 13:24:45.769100,0,0:00:23.951275,710
data_6,2025-12-11 13:24:45.769100,0,0:00:24.017213,712
data_6,2025-12-11 13:24:45.769100,0,0:00:24.082862,714
data_6,2025-12-11 13:24:45.769100,0,0:00:24.149366,716
data_6,2025-12-11 13:24:45.769100,0,0:00:24.214550,718
data_6,2025-12-11 13:24:45.769100,0,0:00:24.280230,720
data_6,2025-12-11 13:24:45.769100,0,0:00:24.345905,722
data_6,2025-12-11 13:24:45.769100,0,0:00:24.412160,724
data_6,2025-12-11 13:24:45.769100,0,0:00:24.477223,726
data_6,2025-12-11 13:24:45.769100,0,0:00:24.542854,728
data_6,2025-12-11 13:24:45.769100,0,0:00:24.607423,730
data_6,2025-12-11 13:24:45.769100,0,0:00:24.674214,732
data_6,2025-12-11 13:24:45.769100,0,0:00:24.740316,734
data_6,2025-12-11 13:24:45.769100,0,0:00:24.806380,736
data_6,2025-12-11 13:24:45.769100,0,0:00:24.872919,738
data_6,2025-12-11 13:24:45.769100,0,0:00:24.938943,740
data_6,2025-12-11 13:24:45.769100,0,0:00:25.004542,742
data_6,2025-12-11 13:24:45.769100,0,0:00:25.070083,744
data_6,2025-12-11 13:24:45.769100,0,0:00:25.134930,746
data_6,2025-12-11 13:24:45.769100,0,0:00:25.216298,748
data_6,2025-12-11 13:24:45.769100,0,0:00:25.281495,750
data_6,2025-12-11 13:24:45.769100,0,0:00:25.347013,752
data_6,2025-12-11 13:24:45.769100,0,0:00:25.412397,754
data_6,2025-12-11 13:24:45.769100,0,0:00:25.477869,756
data_6,2025-12-11 13:24:45.769100,0,0:00:25.542528,758
data_6,2025-12-11 13:24:45.769100,0,0:00:25.607832,760
data_6,2025-12-11 13:24:45.769100,0,0:00:25.673739,762
data_6,2025-12-11 13:24:45.769100,0,0:00:25.739565,764
data_6,2025-12-11 13:24:45.769100,0,0:00:25.805007,766
data_6,2025-12-11 13:24:45.769100,0,0:00:25.871035,768
data_6,2025-12-11 13:24:45.769100,0,0:00:25.937699,770
data_6,2025-12-11 13:24:45.769100,0,0:00:26.009341,772
data_6,2025-12-11 13:24:45.769100,0,0:00:26.075341,774
data_6,2025-12-11 13:24:45.769100,0,0:00:26.140390,776
data_6,2025-12-11 13:24:45.769100,0,0:00:26.205368,778
data_6,2025-12-11 13:24:45.769100,0,0:00:26.271243,780
data_6,2025-12-11 13:24:45.769100,0,0:00:26.336819,782
data_6,2025-12-11 13:24:45.769100,0,0:00:26.402343,784
data_6,2025-12-11 13:24:45.769100,0,0:00:26.467349,786
data_6,2025-12-11 13:24:45.769100,0,0:00:26.532099,788
data_6,2025-12-11 13:24:45.769100,0,0:00:26.597203,790
data_6,2025-12-11 13:24:45.769100,0,0:00:26.663064,792
data_6,2025-12-11 13:24:45.769100,0,0:00:26.729096,794
data_6,2025-12-11 13:24:45.769100,0,0:00:26.794282,796
data_6,2025-12-11 13:24:45.769100,0,0:00:26.860046,798
data_6,2025-12-11 13:24:45.769100,0,0:00:26.925024,800
data_6,2025-12-11 13:24:45.769100,0,0:00:26.991488,802
data_6,2025-12-11 13:24:45.769100,0,0:00:27.057479,804
data_6,2025-12-11 13:24:45.769100,0,0:00:27.122939,806
data_6,2025-12-11 13:24:45.769100,0,0:00:27.187620,808
data_6,2025-12-11 13:24:45.769100,0,0:00:27.252831,810
data_6,2025-12-11 13:24:45.769100,0,0:00:27.318537,812
data_6,2025-12-11 13:24:45.769100,0,0:00:27.384208,814
data_6,2025-12-11 13:24:45.769100,0,0:00:27.449101,816
data_6,2025-12-11 13:24:45.769100,0,0:00:27.515856,818
data_6,2025-12-11 13:24:45.769100,0,0:00:27.581444,820
data_6,2025-12-11 13:24:45.769100,0,0:00:27.661506,822
data_6,2025-12-11 13:24:45.769100,0,0:00:27.727233,824
data_6,2025-12-11 13:24:45.769100,0,0:00:27.792863,826
data_6,2025-12-11 13:24:45.769100,0,0:00:27.857957,828
data_6,2025-12-11 13:24:45.769100,0,0:00:27.923613,830
data_6,2025-12-11 13:24:45.769100,0,0:00:27.989823,832
data_6,2025-12-11 13:24:45.769100,0,0:00:28.071663,834
data_6,2025-12-11 13:24:45.769100,0,0:00:28.143668,836
data_6,2025-12-11 13:24:45.769100,0,0:00:28.214396,838
data_6,2025-12-11 13:24:45.769100,0,0:00:28.282553,840
data_6,2025-12-11 13:24:45.769100,0,0:00:28.351516,842
data_6,2025-12-11 13:24:45.769100,0,0:00:28.417043,844
data_6,2025-12-11 13:24:45.769100,0,0:00:28.483177,846
data_6,2025-12-11 13:24:45.769100,0,0:00:28.548992,848
data_6,2025-12-11 13:24:45.769100,0,0:00:28.615586,850
data_6,2025-12-11 13:24:45.769100,0,0:00:28.705594,852
data_6,2025-12-11 13:24:45.769100,0,0:00:28.772375,854
data_6,2025-12-11 13:24:45.769100,0,0:00:28.838844,856
data_6,2025-12-11 13:24:45.769100,0,0:00:28.904928,858
data_6,2025-12-11 13:24:45.769100,0,0:00:28.969622,860
data_6,2025-12-11 13:24:45.769100,0,0:00:29.035906,862
data_6,2025-12-11 13:24:45.769100,0,0:00:29.100788,864
data_6,2025-12-11 13:24:45.769100,0,0:00:29.167157,866
data_6,2025-12-11 13:24:45.769100,0,0:00:29.234237,868
data_6,2025-12-11 13:24:45.769100,0,0:00:29.302108,870
data_6,2025-12-11 13:24:45.769100,0,0:00:29.369532,872
data_6,2025-12-11 13:24:45.769100,0,0:00:29.437497,874
data_6,2025-12-11 13:24:45.769100,0,0:00:29.504850,876
data_6,2025-12-11 13:24:45.769100,0,0:00:29.571917,878
data_6,2025-12-11 13:24:45.769100,0,0:00:29.638569,880
data_6,2025-12-11 13:24:45.769100,0,0:00:29.705836,882
data_6,2025-12-11 13:24:45.769100,0,0:00:29.773564,884
data_6,2025-12-11 13:24:45.769100,0,0:00:29.841345,886
data_6,2025-12-11 13:24:45.769100,0,0:00:29.908680,888
data_6,2025-12-11 13:24:45.769100,0,0:00:29.976726,890
data_6,2025-12-11 13:24:45.769100,0,0:00:30.043372,892
data_6,2025-12-11 13:24:45.769100,0,0:00:30.110895,894
data_6,2025-12-11 13:24:45.769100,0,0:00:30.177407,896
data_6,2025-12-11 13:24:45.769100,0,0:00:30.244619,898
data_6,2025-12-11 13:24:45.769100,0,0:00:30.312483,900
data_6,2025-12-11 13:24:45.769100,0,0:00:30.380017,902
data_6,2025-12-11 13:24:45.769100,0,0:00:30.469042,904
data_6,2025-12-11 13:24:45.769100,0,0:00:30.535400,906
data_6,2025-12-11 13:24:45.769100,0,0:00:30.601106,908
data_6,2025-12-11 13:24:45.769100,0,0:00:30.667246,910
data_6,2025-12-11 13:24:45.769100,0,0:00:30.732564,912
data_6,2025-12-11 13:24:45.769100,0,0:00:30.798403,914
data_6,2025-12-11 13:24:45.769100,0,0:00:30.865019,916
data_6,2025-12-11 13:24:45.769100,0,0:00:30.931664,918
data_6,2025-12-11 13:24:45.769100,0,0:00:30.998053,920
data_6,2025-12-11 13:24:45.769100,0,0:00:31.064450,922
data_6,2025-12-11 13:24:45.769100,0,0:00:31.129362,924
data_6,2025-12-11 13:24:45.769100,0,0:00:31.195826,926
data_6,2025-12-11 13:24:45.769100,0,0:00:31.261618,928
data_6,2025-12-11 13:24:45.769100,0,0:00:31.327924,930
data_6,2025-12-11 13:24:45.769100,0,0:00:31.393073,932
data_6,2025-12-11 13:24:45.769100,0,0:00:31.458866,934
data_6,2025-12-11 13:24:45.769100,0,0:00:31.524959,936
data_6,2025-12-11 13:24:45.769100,0,0:00:31.590963,938
data_6,2025-12-11 13:24:45.769100,0,0:00:31.656612,940
data_6,2025-12-11 13:24:45.769100,0,0:00:31.722070,942
data_6,2025-12-11 13:24:45.769100,0,0:00:31.787328,944
data_6,2025-12-11 13:24:45.769100,0,0:00:31.870849,946
data_6,2025-12-11 13:24:45.769100,0,0:00:31.936241,948
data_6,2025-12-11 13:24:45.769100,0,0:00:32.003322,950
data_6,2025-12-11 13:24:45.769100,0,0:00:32.070244,952
data_6,2025-12-11 13:24:45.769100,0,0:00:32.137339,954
data_6,2025-12-11 13:24:45.769100,0,0:00:32.203103,956
data_6,2025-12-11 13:24:45.769100,0,0:00:32.270685,958
data_6,2025-12-11 13:24:45.769100,0,0:00:32.337573,960
data_6,2025-12-11 13:24:45.769100,0,0:00:32.404311,962
data_6,2025-12-11 13:24:45.769100,0,0:00:32.471073,964
data_6,2025-12-11 13:24:45.769100,0,0:00:32.537880,966
data_6,2025-12-11 13:24:45.769100,0,0:00:32.603287,968
data_6,2025-12-11 13:24:45.769100,0,0:00:32.669115,970
data_6,2025-12-11 13:24:45.769100,0,0:00:32.734427,972
data_6,2025-12-11 13:24:45.769100,0,0:00:32.799981,974
data_6,2025-12-11 13:24:45.769100,0,0:00:32.866250,976
data_6,2025-12-11 13:24:45.769100,0,0:00:32.932157,978
data_6,2025-12-11 13:24:45.769100,0,0:00:32.998402,980
data_6,2025-12-11 13:24:45.769100,0,0:00:33.066171,982
data_6,2025-12-11 13:24:45.769100,0,0:00:33.132777,984
data_6,2025-12-11 13:24:45.769100,0,0:00:33.198921,986
data_6,2025-12-11 13:24:45.769100,0,0:00:33.265140,988
data_6,2025-12-11 13:24:45.769100,0,0:00:33.331370,990
data_6,2025-12-11 13:24:45.769100,0,0:00:33.410303,992
data_6,2025-12-11 13:24:45.769100,0,0:00:33.479026,994
data_6,2025-12-11 13:24:45.769100,0,0:00:33.543946,996
data_6,2025-12-11 13:24:45.769100,0,0:00:33.609927,998
data_6,2025-12-11 13:24:45.769100,0,0:00:33.675567,1000
data_6,2025-12-11 13:24:45.769100,0,0:00:33.682926,1001
data_6,2025-12-11 13:25:49.229611,0,0:00:00.082318,2
data_6,2025-12-11 13:25:49.229611,0,0:00:00.157268,4
data_6,2025-12-11 13:25:49.229611,0,0:00:00.239790,6
data_6,2025-12-11 13:25:49.229611,0,0:00:00.306331,8
data_6,2025-12-11 13:25:49.229611,0,0:00:00.372190,10
data_6,2025-12-11 13:25:49.229611,0,0:00:00.437848,12
data_6,2025-12-11 13:25:49.229611,0,0:00:00.503534,14
data_6,2025-12-11 13:25:49.229611,0,0:00:00.569597,16
data_6,2025-12-11 13:25:49.229611,0,0:00:00.634851,18
data_6,2025-12-11 13:25:49.229611,0,0:00:00.700991,20
data_6,2025-12-11 13:25:49.229611,0,0:00:00.766626,22
data_6,2025-12-11 13:25:49.229611,0,0:00:00.833167,24
data_6,2025-12-11 13:25:49.229611,0,0:00:00.899162,26
data_6,2025-12-11 13:25:49.229611,0,0:00:00.964926,28
data_6,2025-12-11 13:25:49.229611,0,0:00:01.030518,30
data_6,2025-12-11 13:25:49.229611,0,0:00:01.096691,32
data_6,2025-12-11 13:25:49.229611,0,0:00:01.162419,34
data_6,2025-12-11 13:25:49.229611,0,0:00:01.228414,36
data_6,2025-12-11 13:25:49.229611,0,0:00:01.294065,38
data_6,2025-12-11 13:25:49.229611,0,0:00:01.361163,40
data_6,2025-12-11 13:25:49.229611,0,0:00:01.441818,42
data_6,2025-12-11 13:25:49.229611,0,0:00:01.507448,44
data_6,2025-12-11 13:25:49.229611,0,0:00:01.573349,46
data_6,2025-12-11 13:25:49.229611,0,0:00:01.639392,48
data_6,2025-12-11 13:25:49.229611,0,0:00:01.704355,50
data_6,2025-12-11 13:25:49.229611,0,0:00:01.770508,52
data_6,2025-12-11 13:25:49.229611,0,0:00:01.837019,54
data_6,2025-12-11 13:25:49.229611,0,0:00:01.902690,56
data_6,2025-12-11 13:25:49.229611,0,0:00:01.968538,58
data_6,2025-12-11 13:25:49.229611,0,0:00:02.034179,60
data_6,2025-12-11 13:25:49.229611,0,0:00:02.099368,62
data_6,2025-12-11 13:25:49.229611,0,0:00:02.165544,64
data_6,2025-12-11 13:25:49.229611,0,0:00:02.230594,66
data_6,2025-12-11 13:25:49.229611,0,0:00:02.296351,68
data_6,2025-12-11 13:25:49.229611,0,0:00:02.362450,70
data_6,2025-12-11 13:25:49.229611,0,0:00:02.427972,72
data_6,2025-12-11 13:25:49.229611,0,0:00:02.494611,74
data_6,2025-12-11 13:25:49.229611,0,0:00:02.559925,76
data_6,2025-12-11 13:25:49.229611,0,0:00:02.625708,78
data_6,2025-12-11 13:25:49.229611,0,0:00:02.691227,80
data_6,2025-12-11 13:25:49.229611,0,0:00:02.756144,82
data_6,2025-12-11 13:25:49.229611,0,0:00:02.822719,84
data_6,2025-12-11 13:25:49.229611,0,0:00:02.888103,86
data_6,2025-12-11 13:25:49.229611,0,0:00:02.953691,88
data_6,2025-12-11 13:25:49.229611,0,0:00:03.019008,90
data_6,2025-12-11 13:25:49.229611,0,0:00:03.085160,92
data_6,2025-12-11 13:25:49.229611,0,0:00:03.150999,94
data_6,2025-12-11 13:25:49.229611,0,0:00:03.231815,96
data_6,2025-12-11 13:25:49.229611,0,0:00:03.298226,98
data_6,2025-12-11 13:25:49.229611,0,0:00:03.364311,100
data_6,2025-12-11 13:25:49.229611,0,0:00:03.371599,101
data_6,2025-12-11 13:27:38.919432,0,0:00:03.292229,101
data_6,2025-12-11 13:28:25.818369,0,0:00:03.305971,101,41
data_6,2025-12-12 15:23:13.426598,0,0:00:03.372489,101,41
data_6,2025-12-12 15:23:57.257646,0,0:00:03.251552,101,41
data_6,2025-12-12 15:53:07.859453,0,0:00:01.969965,101,95
data_6,2025-12-12 15:54:04.847745,0,0:00:01.957137,101,95
data_6,2025-12-12 15:59:41.020803,0,0:00:02.053528,101,95
data_6,2025-12-12 16:04:20.142493,0,0:00:01.695727,101,95
data_6,2025-12-12 16:04:47.897660,0,0:00:01.685138,101,95
data_6,2025-12-12 16:06:18.429214,0,0:00:01.720414,101,95
data_6,2025-12-12 16:08:33.183373,0,0:00:01.694258,101,95
data_6,2025-12-12 16:16:18.041879,0,0:00:01.695968,101,8
data_6,2025-12-12 16:17:12.170792,0,0:00:01.691701,101,8
data_6,2025-12-15 12:40:35.755030,0,0:00:01.682997,101,8
data_6,2025-12-15 12:49:04.004316,0,0:00:01.663023,101,8
data_6,2025-12-15 12:53:17.051680,0,0:00:01.630688,101,9
data_6,2025-12-15 13:16:10.824065,0,0:00:01.236888,101,9
data_6,2025-12-15 13:25:17.622919,0,0:00:01.206319,101,9
data_6,2025-12-15 13:27:05.451855,0,0:00:01.194958,101,9
data_6,2025-12-15 13:43:24.276007,0,0:00:01.244932,101,9
data_6,2025-12-15 13:47:25.547014,0,0:00:01.213032,101,9
data_6,2025-12-15 13:49:50.533484,0,0:00:00.516969,102,9
data_6,2025-12-15 13:52:40.622428,0,0:00:03.365799,102,9
data_6,2025-12-15 13:53:19.254782,0,0:00:04.235807,102,9
data_6,2025-12-15 13:53:47.093874,0,0:00:10.678471,102,9
data_6,2025-12-15 14:27:59.651127,0,0:00:03.448917,102,9
